OrderID,OrderDate,CustomerID,CustomerSegment,Region,Country,ProductCategory,ProductName,Quantity,UnitPrice,Discount,Sales,Profit
ORD1000,2023-01-01,202,Consumer,Middle East,Germany,Office Supplies,Pen Set,6,2518.03,0.2,12086.54,3242.27
ORD1001,2023-01-02,279,Consumer,Europe,Malaysia,Furniture,Desk,5,2133.96,0.0,10669.8,1928.95
ORD1002,2023-01-03,192,Corporate,Europe,Singapore,Technology,Monitor,3,2847.56,0.0,8542.68,1921.44
ORD1003,2023-01-04,114,Consumer,Europe,UAE,Office Supplies,Laptop,9,113.64,0.1,920.48,140.57
ORD1004,2023-01-05,206,Consumer,Asia,Malaysia,Office Supplies,Monitor,5,2213.88,0.15,9408.99,1789.07
ORD1005,2023-01-06,171,Home Office,US,Germany,Furniture,Pen Set,5,1004.12,0.1,4518.54,1290.79
ORD1006,2023-01-07,288,Consumer,Europe,USA,Office Supplies,Desk,4,2720.08,0.0,10880.32,769.06
ORD1007,2023-01-08,120,Home Office,Asia,Malaysia,Furniture,Pen Set,4,814.69,0.2,2607.01,295.86
ORD1008,2023-01-09,202,Corporate,Europe,UAE,Furniture,Desk,1,2180.07,0.1,1962.06,480.7
ORD1009,2023-01-10,221,Consumer,Europe,Malaysia,Furniture,Printer,7,2635.39,0.1,16602.96,1239.98
ORD1010,2023-01-11,174,Home Office,Asia,UK,Furniture,Desk,9,144.14,0.05,1232.4,84.93
ORD1011,2023-01-12,187,Home Office,US,USA,Technology,Chair,3,1204.99,0.0,3614.97,507.49
ORD1012,2023-01-13,216,Corporate,US,UAE,Furniture,Pen Set,2,2291.68,0.2,3666.69,267.82
ORD1013,2023-01-14,199,Consumer,Middle East,UAE,Office Supplies,Laptop,3,1375.66,0.1,3714.28,729.0
ORD1014,2023-01-15,203,Consumer,Asia,Singapore,Technology,Printer,1,816.41,0.1,734.77,78.3
ORD1015,2023-01-16,251,Home Office,Middle East,Germany,Office Supplies,Chair,6,675.02,0.2,3240.1,887.54
ORD1016,2023-01-17,230,Consumer,Middle East,Singapore,Technology,Monitor,7,411.92,0.0,2883.44,708.97
ORD1017,2023-01-18,249,Home Office,Middle East,UAE,Furniture,Pen Set,2,2574.25,0.05,4891.08,1100.13
ORD1018,2023-01-19,152,Consumer,US,USA,Technology,Router,8,1734.56,0.1,12488.83,2550.67
ORD1019,2023-01-20,101,Home Office,Asia,Malaysia,Technology,Router,6,247.63,0.05,1411.49,375.27
ORD1020,2023-01-21,187,Consumer,Middle East,Malaysia,Office Supplies,Laptop,4,1160.09,0.15,3944.31,417.17
ORD1021,2023-01-22,257,Corporate,Asia,USA,Office Supplies,Desk,5,1115.85,0.0,5579.25,1496.79
ORD1022,2023-01-23,137,Consumer,Asia,UAE,Furniture,Laptop,8,561.58,0.15,3818.74,944.65
ORD1023,2023-01-24,229,Consumer,US,Malaysia,Technology,Router,3,1317.81,0.15,3360.42,796.55
ORD1024,2023-01-25,291,Corporate,Middle East,Malaysia,Technology,Monitor,3,1009.66,0.15,2574.63,489.99
ORD1025,2023-01-26,287,Consumer,Middle East,Malaysia,Technology,Printer,4,1038.58,0.0,4154.32,463.46
ORD1026,2023-01-27,120,Corporate,Asia,Germany,Furniture,Printer,1,2222.3,0.0,2222.3,346.43
ORD1027,2023-01-28,260,Consumer,Europe,Germany,Furniture,Pen Set,9,685.32,0.2,4934.3,1225.64
ORD1028,2023-01-29,157,Home Office,US,UK,Furniture,Printer,8,1932.74,0.05,14688.82,851.14
ORD1029,2023-01-30,121,Home Office,US,Singapore,Furniture,Pen Set,8,1720.54,0.05,13076.1,3210.35
ORD1030,2023-01-31,188,Consumer,US,USA,Furniture,Pen Set,6,1712.92,0.2,8222.02,904.57
ORD1031,2023-02-01,148,Consumer,US,USA,Office Supplies,Pen Set,7,1995.76,0.2,11176.26,962.02
ORD1032,2023-02-02,158,Consumer,Middle East,USA,Technology,Router,6,1654.18,0.15,8436.32,665.84
ORD1033,2023-02-03,269,Home Office,Middle East,UK,Technology,Router,9,2640.18,0.2,19009.3,1079.97
ORD1034,2023-02-04,287,Consumer,Europe,Germany,Technology,Desk,3,2033.23,0.1,5489.72,993.07
ORD1035,2023-02-05,114,Home Office,US,UAE,Technology,Chair,3,1649.95,0.05,4702.36,491.7
ORD1036,2023-02-06,289,Corporate,US,UAE,Technology,Pen Set,3,2492.69,0.2,5982.46,1778.93
ORD1037,2023-02-07,289,Home Office,Asia,UK,Technology,Pen Set,3,1826.32,0.1,4931.06,954.7
ORD1038,2023-02-08,274,Home Office,Middle East,UAE,Technology,Chair,9,887.61,0.1,7189.64,607.32
ORD1039,2023-02-09,289,Corporate,US,USA,Technology,Laptop,4,637.14,0.1,2293.7,509.64
ORD1040,2023-02-10,150,Home Office,Europe,Singapore,Office Supplies,Pen Set,7,473.94,0.1,2985.82,819.42
ORD1041,2023-02-11,207,Consumer,Europe,Malaysia,Technology,Desk,9,2700.38,0.15,20657.91,4881.36
ORD1042,2023-02-12,154,Consumer,Middle East,Germany,Office Supplies,Printer,7,2136.2,0.1,13458.06,930.09
ORD1043,2023-02-13,163,Home Office,Europe,Germany,Furniture,Printer,9,2813.39,0.15,21522.43,5896.52
ORD1044,2023-02-14,230,Consumer,Europe,UK,Technology,Monitor,3,1817.81,0.15,4635.42,1151.82
ORD1045,2023-02-15,150,Home Office,Middle East,Germany,Furniture,Monitor,4,1430.73,0.1,5150.63,461.37
ORD1046,2023-02-16,234,Consumer,US,USA,Furniture,Printer,8,197.96,0.05,1504.5,94.7
ORD1047,2023-02-17,120,Consumer,US,UAE,Furniture,Printer,6,2021.49,0.1,10916.05,2066.71
ORD1048,2023-02-18,172,Home Office,Europe,USA,Office Supplies,Router,5,1754.98,0.1,7897.41,702.94
ORD1049,2023-02-19,266,Consumer,Europe,UK,Furniture,Desk,4,2970.82,0.1,10694.95,2766.22
ORD1050,2023-02-20,117,Home Office,US,USA,Furniture,Chair,8,732.69,0.05,5568.44,777.26
ORD1051,2023-02-21,231,Consumer,Middle East,UAE,Furniture,Monitor,1,1601.6,0.0,1601.6,445.6
ORD1052,2023-02-22,188,Consumer,Europe,Singapore,Technology,Router,9,1959.85,0.0,17638.65,3376.43
ORD1053,2023-02-23,159,Corporate,Asia,UK,Technology,Router,1,1940.88,0.15,1649.75,157.83
ORD1054,2023-02-24,113,Corporate,Middle East,Singapore,Office Supplies,Chair,8,1692.65,0.15,11510.02,977.2
ORD1055,2023-02-25,108,Home Office,Europe,Malaysia,Office Supplies,Router,4,2335.25,0.05,8873.95,1722.59
ORD1056,2023-02-26,189,Corporate,Europe,Singapore,Technology,Desk,9,630.84,0.2,4542.05,1092.23
ORD1057,2023-02-27,152,Home Office,Asia,Malaysia,Office Supplies,Printer,5,2182.37,0.0,10911.85,2677.51
ORD1058,2023-02-28,229,Corporate,Asia,Malaysia,Technology,Pen Set,3,1866.81,0.15,4760.37,566.2
ORD1059,2023-03-01,183,Consumer,US,Singapore,Furniture,Chair,9,2690.3,0.0,24212.7,2446.98
ORD1060,2023-03-02,191,Home Office,Middle East,UK,Furniture,Printer,9,2544.64,0.05,21756.67,1178.97
ORD1061,2023-03-03,210,Home Office,Middle East,UAE,Office Supplies,Printer,4,959.14,0.05,3644.73,801.11
ORD1062,2023-03-04,287,Consumer,US,USA,Technology,Laptop,4,843.19,0.2,2698.21,186.56
ORD1063,2023-03-05,298,Home Office,Middle East,USA,Technology,Chair,8,2945.33,0.2,18850.11,2925.35
ORD1064,2023-03-06,271,Home Office,Middle East,UAE,Office Supplies,Router,2,1591.25,0.05,3023.38,605.95
ORD1065,2023-03-07,107,Corporate,Middle East,Malaysia,Technology,Pen Set,9,2721.13,0.15,20816.64,5917.7
ORD1066,2023-03-08,274,Home Office,Middle East,Malaysia,Furniture,Chair,6,508.37,0.0,3050.22,390.28
ORD1067,2023-03-09,134,Consumer,Middle East,UK,Office Supplies,Router,9,1935.6,0.1,15678.36,1762.92
ORD1068,2023-03-10,180,Corporate,Asia,Germany,Office Supplies,Printer,8,2433.38,0.2,15573.63,3325.59
ORD1069,2023-03-11,263,Corporate,Middle East,Singapore,Technology,Pen Set,7,2843.24,0.1,17912.41,3668.64
ORD1070,2023-03-12,149,Consumer,Asia,Malaysia,Office Supplies,Router,1,1025.27,0.15,871.48,115.93
ORD1071,2023-03-13,203,Consumer,Middle East,USA,Technology,Desk,3,2180.44,0.2,5233.06,1475.86
ORD1072,2023-03-14,231,Corporate,US,UK,Technology,Router,2,1625.66,0.1,2926.19,764.37
ORD1073,2023-03-15,101,Home Office,Europe,Singapore,Technology,Laptop,5,200.67,0.15,852.85,90.4
ORD1074,2023-03-16,233,Corporate,Asia,UK,Technology,Printer,5,2076.2,0.0,10381.0,1139.68
ORD1075,2023-03-17,153,Consumer,Middle East,Singapore,Technology,Router,5,2076.49,0.15,8825.08,1571.53
ORD1076,2023-03-18,205,Corporate,US,Singapore,Office Supplies,Monitor,4,2793.21,0.2,8938.27,2175.51
ORD1077,2023-03-19,103,Consumer,Europe,UAE,Furniture,Monitor,5,1501.99,0.05,7134.45,435.27
ORD1078,2023-03-20,153,Corporate,Asia,Malaysia,Furniture,Laptop,3,706.15,0.0,2118.45,473.12
ORD1079,2023-03-21,290,Home Office,Europe,UK,Office Supplies,Desk,1,152.8,0.1,137.52,29.16
ORD1080,2023-03-22,245,Corporate,US,UK,Office Supplies,Printer,5,1258.61,0.2,5034.44,543.07
ORD1081,2023-03-23,143,Corporate,Asia,UAE,Furniture,Chair,9,919.71,0.05,7863.52,1732.63
ORD1082,2023-03-24,261,Consumer,Europe,USA,Furniture,Laptop,9,2288.04,0.15,17503.51,4989.3
ORD1083,2023-03-25,289,Consumer,Middle East,USA,Furniture,Desk,4,1075.72,0.05,4087.74,252.2
ORD1084,2023-03-26,113,Consumer,Asia,Malaysia,Furniture,Chair,3,2848.23,0.2,6835.75,888.05
ORD1085,2023-03-27,194,Corporate,Europe,Malaysia,Furniture,Monitor,1,2887.68,0.2,2310.14,368.57
ORD1086,2023-03-28,147,Home Office,US,Germany,Technology,Monitor,2,1870.31,0.05,3553.59,976.58
ORD1087,2023-03-29,114,Consumer,US,UAE,Office Supplies,Chair,8,2787.41,0.15,18954.39,5507.49
ORD1088,2023-03-30,299,Consumer,Asia,USA,Technology,Laptop,1,2287.35,0.05,2172.98,349.91
ORD1089,2023-03-31,289,Corporate,Europe,Singapore,Furniture,Monitor,8,1649.64,0.2,10557.7,2507.53
ORD1090,2023-04-01,139,Consumer,Asia,UK,Furniture,Printer,7,557.32,0.2,3120.99,570.88
ORD1091,2023-04-02,181,Home Office,Asia,Malaysia,Furniture,Pen Set,8,1386.62,0.1,9983.66,1841.44
ORD1092,2023-04-03,210,Home Office,Europe,UK,Technology,Router,6,1691.41,0.1,9133.61,1091.69
ORD1093,2023-04-04,152,Consumer,Europe,UK,Technology,Chair,9,2594.61,0.0,23351.49,2434.14
ORD1094,2023-04-05,123,Consumer,Middle East,Germany,Furniture,Chair,3,1454.37,0.2,3490.49,425.84
ORD1095,2023-04-06,253,Corporate,Europe,USA,Technology,Monitor,4,2695.07,0.1,9702.25,1834.52
ORD1096,2023-04-07,287,Home Office,US,Malaysia,Technology,Laptop,6,2029.56,0.05,11568.49,662.74
ORD1097,2023-04-08,223,Home Office,Asia,UK,Furniture,Printer,8,428.26,0.15,2912.17,806.12
ORD1098,2023-04-09,140,Consumer,Asia,Malaysia,Technology,Laptop,5,2985.04,0.05,14178.94,1262.93
ORD1099,2023-04-10,256,Corporate,US,Singapore,Office Supplies,Desk,3,1591.15,0.15,4057.43,426.12
ORD1100,2023-04-11,114,Home Office,Europe,Germany,Office Supplies,Desk,6,1187.74,0.1,6413.8,1151.72
ORD1101,2023-04-12,144,Home Office,US,Singapore,Office Supplies,Pen Set,4,1984.16,0.0,7936.64,1805.81
ORD1102,2023-04-13,164,Corporate,US,Malaysia,Office Supplies,Monitor,9,344.5,0.05,2945.48,217.77
ORD1103,2023-04-14,188,Corporate,Middle East,Malaysia,Furniture,Monitor,3,1916.89,0.05,5463.14,707.06
ORD1104,2023-04-15,170,Home Office,US,USA,Furniture,Monitor,4,1504.74,0.05,5718.01,1670.62
ORD1105,2023-04-16,108,Home Office,Asia,UK,Furniture,Pen Set,7,1231.89,0.15,7329.75,847.21
ORD1106,2023-04-17,187,Corporate,US,UK,Office Supplies,Desk,7,2860.0,0.1,18018.0,2311.03
ORD1107,2023-04-18,228,Home Office,Asia,Singapore,Office Supplies,Laptop,4,1577.17,0.05,5993.25,1553.0
ORD1108,2023-04-19,235,Consumer,Asia,Germany,Technology,Pen Set,6,672.97,0.05,3835.93,239.95
ORD1109,2023-04-20,162,Consumer,Asia,UAE,Technology,Pen Set,3,1387.71,0.0,4163.13,691.72
ORD1110,2023-04-21,238,Corporate,Europe,UK,Office Supplies,Laptop,6,2759.77,0.0,16558.62,2399.41
ORD1111,2023-04-22,180,Corporate,Middle East,USA,Office Supplies,Monitor,2,544.76,0.1,980.57,126.64
ORD1112,2023-04-23,235,Corporate,Asia,Singapore,Office Supplies,Printer,8,657.59,0.1,4734.65,574.9
ORD1113,2023-04-24,262,Consumer,Asia,Singapore,Office Supplies,Laptop,2,58.83,0.2,94.13,6.86
ORD1114,2023-04-25,262,Home Office,Europe,UAE,Technology,Desk,7,62.29,0.0,436.03,56.12
ORD1115,2023-04-26,132,Consumer,Asia,USA,Office Supplies,Chair,9,2491.59,0.2,17939.45,1090.06
ORD1116,2023-04-27,222,Home Office,US,Germany,Technology,Chair,1,2201.73,0.15,1871.47,458.96
ORD1117,2023-04-28,104,Consumer,US,USA,Office Supplies,Router,8,1078.02,0.2,6899.33,1031.84
ORD1118,2023-04-29,140,Home Office,Middle East,Germany,Office Supplies,Router,7,2100.97,0.05,13971.45,2249.07
ORD1119,2023-04-30,127,Consumer,Asia,USA,Office Supplies,Pen Set,6,1197.71,0.2,5749.01,1571.77
ORD1120,2023-05-01,234,Corporate,Europe,USA,Technology,Chair,6,2859.63,0.1,15442.0,3312.52
ORD1121,2023-05-02,171,Consumer,US,Malaysia,Technology,Printer,6,2901.82,0.15,14799.28,769.78
ORD1122,2023-05-03,111,Home Office,Europe,Singapore,Furniture,Monitor,9,1190.53,0.05,10179.03,2909.1
ORD1123,2023-05-04,261,Consumer,Europe,USA,Office Supplies,Desk,2,2565.58,0.2,4104.93,448.61
ORD1124,2023-05-05,132,Consumer,US,UAE,Furniture,Router,1,2323.81,0.15,1975.24,151.9
ORD1125,2023-05-06,147,Consumer,Europe,USA,Furniture,Printer,6,943.8,0.15,4813.38,1164.99
ORD1126,2023-05-07,250,Corporate,US,UK,Technology,Desk,8,711.48,0.05,5407.25,946.91
ORD1127,2023-05-08,161,Consumer,Europe,Singapore,Technology,Desk,3,1385.54,0.2,3325.3,526.87
ORD1128,2023-05-09,136,Corporate,US,UK,Furniture,Monitor,1,2348.42,0.15,1996.16,224.32
ORD1129,2023-05-10,198,Corporate,Asia,Singapore,Office Supplies,Pen Set,9,2881.3,0.15,22041.94,4118.93
ORD1130,2023-05-11,271,Consumer,Middle East,UK,Technology,Chair,1,2295.47,0.0,2295.47,272.23
ORD1131,2023-05-12,203,Consumer,US,USA,Office Supplies,Monitor,3,2568.52,0.15,6549.73,1803.77
ORD1132,2023-05-13,134,Consumer,US,USA,Office Supplies,Printer,8,1817.13,0.0,14537.04,1508.96
ORD1133,2023-05-14,292,Home Office,Middle East,Malaysia,Furniture,Pen Set,3,2509.52,0.2,6022.85,1632.73
ORD1134,2023-05-15,200,Consumer,US,UAE,Furniture,Printer,4,2357.57,0.2,7544.22,1432.28
ORD1135,2023-05-16,274,Corporate,US,UK,Furniture,Pen Set,8,1143.42,0.2,7317.89,1881.59
ORD1136,2023-05-17,230,Consumer,Europe,Germany,Furniture,Router,1,1664.93,0.1,1498.44,341.96
ORD1137,2023-05-18,100,Home Office,Middle East,Malaysia,Technology,Printer,6,2418.16,0.2,11607.17,2602.02
ORD1138,2023-05-19,104,Consumer,Asia,UK,Technology,Monitor,1,157.25,0.15,133.66,17.52
ORD1139,2023-05-20,241,Home Office,US,UK,Furniture,Pen Set,1,2428.08,0.05,2306.68,250.22
ORD1140,2023-05-21,202,Home Office,Middle East,Malaysia,Technology,Pen Set,8,550.11,0.0,4400.88,452.07
ORD1141,2023-05-22,126,Consumer,Europe,USA,Furniture,Desk,4,1553.76,0.1,5593.54,1478.36
ORD1142,2023-05-23,236,Corporate,Asia,UK,Office Supplies,Desk,1,2428.66,0.2,1942.93,495.65
ORD1143,2023-05-24,114,Home Office,Middle East,USA,Office Supplies,Laptop,7,776.39,0.2,4347.78,696.27
ORD1144,2023-05-25,189,Consumer,Asia,Malaysia,Office Supplies,Printer,5,752.51,0.05,3574.42,297.04
ORD1145,2023-05-26,141,Consumer,Asia,USA,Furniture,Desk,5,1220.24,0.05,5796.14,843.7
ORD1146,2023-05-27,223,Corporate,Asia,Singapore,Office Supplies,Laptop,1,2686.04,0.1,2417.44,495.18
ORD1147,2023-05-28,278,Home Office,US,Germany,Technology,Router,6,21.32,0.0,127.92,20.93
ORD1148,2023-05-29,162,Home Office,US,UK,Office Supplies,Router,9,2706.12,0.2,19484.06,4774.52
ORD1149,2023-05-30,195,Consumer,Europe,UAE,Office Supplies,Desk,9,478.34,0.1,3874.55,1160.06
ORD1150,2023-05-31,151,Consumer,Europe,Germany,Office Supplies,Printer,8,2970.46,0.15,20199.13,1975.13
ORD1151,2023-06-01,195,Corporate,Middle East,USA,Technology,Pen Set,5,2865.44,0.15,12178.12,2008.33
ORD1152,2023-06-02,231,Corporate,Europe,UK,Furniture,Chair,1,1494.13,0.1,1344.72,212.12
ORD1153,2023-06-03,250,Home Office,Asia,USA,Technology,Printer,9,1547.91,0.2,11144.95,1405.64
ORD1154,2023-06-04,242,Home Office,Asia,Singapore,Furniture,Monitor,1,1455.02,0.1,1309.52,130.33
ORD1155,2023-06-05,270,Consumer,US,Malaysia,Furniture,Router,8,1913.62,0.2,12247.17,813.49
ORD1156,2023-06-06,128,Home Office,Asia,UK,Office Supplies,Desk,5,290.35,0.05,1379.16,374.83
ORD1157,2023-06-07,135,Corporate,Middle East,Singapore,Furniture,Desk,3,117.2,0.1,316.44,49.04
ORD1158,2023-06-08,112,Corporate,Asia,Singapore,Technology,Pen Set,7,191.95,0.2,1074.92,187.28
ORD1159,2023-06-09,259,Consumer,Asia,UK,Technology,Monitor,7,1344.21,0.1,8468.52,2364.71
ORD1160,2023-06-10,170,Corporate,Middle East,USA,Furniture,Pen Set,9,841.13,0.1,6813.15,1662.9
ORD1161,2023-06-11,286,Corporate,Europe,UAE,Office Supplies,Monitor,7,1873.68,0.2,10492.61,866.96
ORD1162,2023-06-12,185,Corporate,Europe,Singapore,Office Supplies,Chair,3,2977.48,0.2,7145.95,1367.41
ORD1163,2023-06-13,127,Corporate,Middle East,Germany,Technology,Router,1,1171.24,0.0,1171.24,188.06
ORD1164,2023-06-14,165,Consumer,US,Singapore,Office Supplies,Desk,8,1730.05,0.1,12456.36,3105.41
ORD1165,2023-06-15,269,Consumer,Asia,UAE,Furniture,Desk,3,1258.5,0.15,3209.18,741.51
ORD1166,2023-06-16,144,Home Office,Middle East,USA,Furniture,Chair,8,2544.87,0.1,18323.06,4078.74
ORD1167,2023-06-17,161,Corporate,Asia,USA,Technology,Laptop,8,2708.66,0.1,19502.35,2635.47
ORD1168,2023-06-18,284,Home Office,US,Germany,Furniture,Router,5,2634.52,0.2,10538.08,2647.6
ORD1169,2023-06-19,233,Consumer,Asia,Singapore,Technology,Pen Set,1,2923.63,0.1,2631.27,166.03
ORD1170,2023-06-20,127,Consumer,Middle East,USA,Furniture,Chair,7,102.01,0.1,642.66,57.78
ORD1171,2023-06-21,127,Consumer,Asia,UAE,Technology,Pen Set,5,2522.65,0.15,10721.26,1435.64
ORD1172,2023-06-22,207,Consumer,Europe,UK,Office Supplies,Printer,8,2260.28,0.2,14465.79,1001.06
ORD1173,2023-06-23,143,Consumer,US,Malaysia,Furniture,Desk,9,701.51,0.1,5682.23,617.93
ORD1174,2023-06-24,183,Consumer,US,Malaysia,Furniture,Pen Set,7,2869.83,0.05,19084.37,4914.95
ORD1175,2023-06-25,129,Consumer,US,Malaysia,Technology,Monitor,7,461.57,0.0,3230.99,927.5
ORD1176,2023-06-26,289,Corporate,Middle East,Singapore,Technology,Pen Set,1,2045.06,0.15,1738.3,219.29
ORD1177,2023-06-27,174,Home Office,US,Germany,Furniture,Printer,4,690.17,0.1,2484.61,288.54
ORD1178,2023-06-28,227,Consumer,Europe,USA,Technology,Router,2,1305.51,0.05,2480.47,297.59
ORD1179,2023-06-29,191,Corporate,Middle East,UK,Furniture,Desk,2,2163.1,0.1,3893.58,465.01
ORD1180,2023-06-30,289,Corporate,Europe,UAE,Office Supplies,Chair,2,1698.71,0.1,3057.68,180.35
ORD1181,2023-07-01,228,Home Office,Asia,UK,Technology,Printer,4,1293.96,0.2,4140.67,1166.55
ORD1182,2023-07-02,220,Consumer,Asia,UAE,Furniture,Desk,1,992.49,0.2,793.99,82.12
ORD1183,2023-07-03,126,Home Office,Asia,Singapore,Office Supplies,Pen Set,4,2522.19,0.2,8071.01,1251.01
ORD1184,2023-07-04,289,Consumer,Asia,Malaysia,Office Supplies,Router,2,448.57,0.05,852.28,44.68
ORD1185,2023-07-05,220,Corporate,Europe,Singapore,Furniture,Laptop,5,1301.71,0.1,5857.7,1549.3
ORD1186,2023-07-06,215,Corporate,Middle East,Germany,Technology,Router,3,2713.2,0.0,8139.6,1894.81
ORD1187,2023-07-07,102,Corporate,Middle East,Germany,Furniture,Laptop,8,2540.63,0.15,17276.28,4952.92
ORD1188,2023-07-08,202,Corporate,US,UAE,Office Supplies,Monitor,4,1214.81,0.2,3887.39,953.98
ORD1189,2023-07-09,297,Home Office,Europe,USA,Furniture,Router,1,2294.06,0.2,1835.25,235.69
ORD1190,2023-07-10,299,Consumer,Asia,USA,Technology,Desk,1,2473.02,0.1,2225.72,249.21
ORD1191,2023-07-11,254,Consumer,Europe,UAE,Office Supplies,Laptop,3,2668.88,0.1,7205.98,1617.23
ORD1192,2023-07-12,236,Home Office,US,Germany,Furniture,Chair,9,1642.63,0.05,14044.49,1980.67
ORD1193,2023-07-13,161,Consumer,US,Germany,Technology,Desk,7,629.29,0.05,4184.78,801.61
ORD1194,2023-07-14,264,Corporate,Europe,Germany,Office Supplies,Chair,2,780.82,0.2,1249.31,64.42
ORD1195,2023-07-15,150,Consumer,Europe,Singapore,Technology,Router,9,901.17,0.1,7299.48,477.91
ORD1196,2023-07-16,271,Corporate,Europe,Germany,Office Supplies,Chair,2,1789.53,0.0,3579.06,657.98
ORD1197,2023-07-17,251,Home Office,Middle East,UK,Furniture,Laptop,3,117.77,0.15,300.31,57.51
ORD1198,2023-07-18,158,Consumer,Asia,Malaysia,Technology,Desk,2,1915.41,0.1,3447.74,820.09
ORD1199,2023-07-19,217,Home Office,Europe,Germany,Office Supplies,Pen Set,3,1105.78,0.1,2985.61,247.78
ORD1200,2023-07-20,259,Consumer,Europe,UAE,Technology,Printer,6,899.82,0.05,5128.97,914.47
ORD1201,2023-07-21,195,Corporate,Europe,Malaysia,Technology,Laptop,9,2640.9,0.15,20202.89,1992.25
ORD1202,2023-07-22,279,Home Office,US,Singapore,Furniture,Laptop,9,1390.81,0.2,10013.83,734.0
ORD1203,2023-07-23,212,Consumer,US,UAE,Technology,Pen Set,7,303.26,0.1,1910.54,291.59
ORD1204,2023-07-24,161,Corporate,Middle East,Malaysia,Office Supplies,Desk,3,2483.71,0.2,5960.9,541.45
ORD1205,2023-07-25,285,Home Office,Asia,UAE,Office Supplies,Desk,4,161.97,0.1,583.09,61.48
ORD1206,2023-07-26,151,Home Office,Middle East,Singapore,Office Supplies,Router,6,2185.71,0.2,10491.41,1357.47
ORD1207,2023-07-27,111,Consumer,Asia,UK,Office Supplies,Chair,5,2326.24,0.15,9886.52,1135.44
ORD1208,2023-07-28,138,Consumer,US,Singapore,Furniture,Router,2,1070.76,0.05,2034.44,146.27
ORD1209,2023-07-29,229,Consumer,US,Singapore,Technology,Pen Set,6,2477.87,0.15,12637.14,915.93
ORD1210,2023-07-30,230,Corporate,US,UAE,Furniture,Router,3,1556.67,0.0,4670.01,459.12
ORD1211,2023-07-31,212,Consumer,Middle East,USA,Technology,Pen Set,8,1400.62,0.05,10644.71,666.78
ORD1212,2023-08-01,200,Home Office,Europe,Germany,Technology,Desk,2,155.3,0.15,264.01,54.55
ORD1213,2023-08-02,212,Home Office,Europe,Germany,Technology,Chair,1,884.29,0.0,884.29,107.73
ORD1214,2023-08-03,283,Consumer,US,UK,Furniture,Router,9,2794.41,0.1,22634.72,2714.73
ORD1215,2023-08-04,180,Consumer,Europe,UK,Technology,Laptop,3,1187.64,0.1,3206.63,426.48
ORD1216,2023-08-05,286,Home Office,Europe,Germany,Furniture,Monitor,1,1649.17,0.2,1319.34,284.58
ORD1217,2023-08-06,212,Corporate,Middle East,USA,Office Supplies,Printer,7,1605.42,0.05,10676.04,2857.53
ORD1218,2023-08-07,101,Consumer,Asia,Germany,Office Supplies,Laptop,5,1779.48,0.1,8007.66,1920.01
ORD1219,2023-08-08,229,Consumer,US,USA,Technology,Desk,5,202.77,0.05,963.16,223.34
ORD1220,2023-08-09,153,Home Office,US,UK,Furniture,Printer,1,1099.29,0.1,989.36,169.28
ORD1221,2023-08-10,186,Consumer,Middle East,Malaysia,Office Supplies,Monitor,9,2174.92,0.2,15659.42,3499.12
ORD1222,2023-08-11,228,Corporate,Middle East,UAE,Furniture,Monitor,7,617.67,0.15,3675.14,691.63
ORD1223,2023-08-12,246,Home Office,Europe,UK,Furniture,Chair,8,626.66,0.2,4010.62,417.36
ORD1224,2023-08-13,225,Consumer,US,UK,Technology,Printer,9,50.07,0.0,450.63,46.03
ORD1225,2023-08-14,229,Home Office,Asia,Singapore,Office Supplies,Chair,6,1323.7,0.1,7147.98,887.05
ORD1226,2023-08-15,152,Consumer,Middle East,Singapore,Technology,Laptop,5,2650.55,0.0,13252.75,3680.3
ORD1227,2023-08-16,271,Consumer,Asia,Singapore,Technology,Pen Set,6,174.66,0.0,1047.96,195.82
ORD1228,2023-08-17,259,Consumer,Asia,UAE,Office Supplies,Pen Set,2,589.53,0.05,1120.11,261.52
ORD1229,2023-08-18,297,Corporate,US,Singapore,Office Supplies,Pen Set,4,944.05,0.1,3398.58,464.38
ORD1230,2023-08-19,259,Corporate,US,USA,Furniture,Printer,3,2200.54,0.0,6601.62,1002.98
ORD1231,2023-08-20,167,Home Office,Middle East,Germany,Office Supplies,Pen Set,7,1929.09,0.15,11478.09,934.22
ORD1232,2023-08-21,282,Consumer,US,Malaysia,Furniture,Laptop,9,1259.51,0.0,11335.59,1052.21
ORD1233,2023-08-22,283,Consumer,US,UK,Furniture,Chair,5,2282.03,0.15,9698.63,2490.99
ORD1234,2023-08-23,222,Corporate,US,USA,Furniture,Printer,6,1836.7,0.05,10469.19,2054.16
ORD1235,2023-08-24,244,Consumer,Asia,Malaysia,Office Supplies,Chair,2,2690.2,0.0,5380.4,723.03
ORD1236,2023-08-25,137,Corporate,Middle East,USA,Technology,Printer,3,2457.72,0.2,5898.53,1478.84
ORD1237,2023-08-26,123,Consumer,Europe,USA,Furniture,Chair,3,773.38,0.05,2204.13,246.05
ORD1238,2023-08-27,168,Home Office,Asia,UK,Technology,Monitor,9,828.89,0.15,6341.01,1864.31
ORD1239,2023-08-28,215,Consumer,US,Germany,Technology,Chair,7,393.56,0.05,2617.17,356.47
ORD1240,2023-08-29,197,Consumer,Asia,Singapore,Office Supplies,Pen Set,8,1024.15,0.0,8193.2,1100.57
ORD1241,2023-08-30,297,Corporate,US,UAE,Technology,Monitor,9,2998.64,0.1,24288.98,3108.45
ORD1242,2023-08-31,238,Consumer,US,Germany,Technology,Chair,6,1229.14,0.1,6637.36,534.49
ORD1243,2023-09-01,243,Consumer,Asia,UAE,Office Supplies,Printer,4,677.06,0.15,2302.0,179.06
ORD1244,2023-09-02,196,Corporate,Middle East,UK,Furniture,Printer,1,2292.2,0.15,1948.37,413.11
ORD1245,2023-09-03,223,Home Office,US,UK,Technology,Printer,8,1636.56,0.1,11783.23,3167.09
ORD1246,2023-09-04,286,Home Office,Middle East,UK,Office Supplies,Desk,7,465.81,0.15,2771.57,686.32
ORD1247,2023-09-05,169,Corporate,Europe,Malaysia,Technology,Laptop,2,1154.46,0.05,2193.47,187.05
ORD1248,2023-09-06,192,Corporate,US,UAE,Technology,Printer,8,1255.12,0.2,8032.77,1497.27
ORD1249,2023-09-07,102,Corporate,Middle East,Germany,Furniture,Monitor,5,2266.41,0.2,9065.64,692.6
ORD1250,2023-09-08,247,Corporate,Middle East,Germany,Technology,Printer,7,81.6,0.05,542.64,33.28
ORD1251,2023-09-09,286,Corporate,Europe,USA,Office Supplies,Desk,4,821.68,0.2,2629.38,562.94
ORD1252,2023-09-10,263,Home Office,Middle East,USA,Technology,Pen Set,5,1562.44,0.0,7812.2,1435.79
ORD1253,2023-09-11,246,Home Office,Middle East,USA,Furniture,Monitor,8,821.16,0.05,6240.82,440.01
ORD1254,2023-09-12,189,Corporate,Europe,UK,Furniture,Desk,1,1892.73,0.15,1608.82,94.49
ORD1255,2023-09-13,294,Consumer,US,Germany,Office Supplies,Pen Set,1,1455.97,0.05,1383.17,411.41
ORD1256,2023-09-14,246,Corporate,Middle East,UAE,Furniture,Router,4,1097.9,0.1,3952.44,227.29
ORD1257,2023-09-15,247,Consumer,Middle East,UK,Technology,Router,3,2848.64,0.15,7264.03,1170.47
ORD1258,2023-09-16,195,Corporate,Middle East,Malaysia,Furniture,Monitor,2,1903.84,0.1,3426.91,603.67
ORD1259,2023-09-17,298,Corporate,Asia,USA,Office Supplies,Chair,3,407.23,0.15,1038.44,82.37
ORD1260,2023-09-18,151,Home Office,Europe,UK,Furniture,Laptop,1,1689.07,0.2,1351.26,124.67
ORD1261,2023-09-19,260,Consumer,Asia,UK,Furniture,Laptop,1,2346.58,0.05,2229.25,307.53
ORD1262,2023-09-20,267,Consumer,Europe,Malaysia,Furniture,Desk,6,2131.3,0.0,12787.8,3074.43
ORD1263,2023-09-21,227,Home Office,US,Singapore,Office Supplies,Pen Set,5,532.83,0.15,2264.53,400.3
ORD1264,2023-09-22,138,Home Office,US,Germany,Furniture,Laptop,8,2917.81,0.15,19841.11,4156.23
ORD1265,2023-09-23,181,Home Office,Middle East,UAE,Furniture,Pen Set,2,1357.46,0.1,2443.43,723.97
ORD1266,2023-09-24,203,Home Office,Europe,Singapore,Technology,Pen Set,4,493.89,0.2,1580.45,382.47
ORD1267,2023-09-25,228,Consumer,US,USA,Office Supplies,Desk,8,556.98,0.1,4010.26,635.99
ORD1268,2023-09-26,110,Consumer,Europe,UK,Furniture,Desk,6,312.74,0.1,1688.8,272.93
ORD1269,2023-09-27,284,Corporate,US,Malaysia,Office Supplies,Desk,1,2414.48,0.2,1931.58,395.38
ORD1270,2023-09-28,277,Corporate,Asia,Malaysia,Furniture,Laptop,4,383.65,0.0,1534.6,332.0
ORD1271,2023-09-29,250,Home Office,US,Germany,Furniture,Router,1,392.87,0.1,353.58,61.94
ORD1272,2023-09-30,258,Home Office,Asia,Singapore,Furniture,Desk,2,2554.41,0.1,4597.94,971.16
ORD1273,2023-10-01,141,Home Office,US,Germany,Technology,Laptop,5,1046.92,0.15,4449.41,248.65
ORD1274,2023-10-02,198,Corporate,Middle East,UK,Technology,Desk,8,111.96,0.2,716.54,112.79
ORD1275,2023-10-03,106,Corporate,Asia,Germany,Technology,Printer,8,174.65,0.05,1327.34,158.93
ORD1276,2023-10-04,243,Corporate,US,UAE,Office Supplies,Pen Set,3,443.67,0.0,1331.01,109.53
ORD1277,2023-10-05,189,Corporate,Middle East,Malaysia,Office Supplies,Desk,4,655.91,0.0,2623.64,196.48
ORD1278,2023-10-06,211,Corporate,Asia,Malaysia,Technology,Monitor,6,2002.14,0.2,9610.27,1929.72
ORD1279,2023-10-07,159,Corporate,Middle East,USA,Office Supplies,Pen Set,3,488.83,0.15,1246.52,225.5
ORD1280,2023-10-08,212,Corporate,Europe,USA,Furniture,Pen Set,2,374.25,0.15,636.22,72.14
ORD1281,2023-10-09,101,Home Office,Europe,UK,Furniture,Desk,6,2298.86,0.2,11034.53,1850.9
ORD1282,2023-10-10,228,Home Office,Asia,UAE,Furniture,Router,5,2019.74,0.15,8583.9,1485.51
ORD1283,2023-10-11,147,Home Office,US,Singapore,Technology,Chair,5,1317.27,0.0,6586.35,650.42
ORD1284,2023-10-12,239,Home Office,Asia,Germany,Office Supplies,Router,5,1656.94,0.0,8284.7,1764.83
ORD1285,2023-10-13,296,Corporate,Middle East,UK,Technology,Desk,5,949.71,0.05,4511.12,1106.26
ORD1286,2023-10-14,136,Consumer,US,USA,Office Supplies,Pen Set,3,1457.85,0.2,3498.84,867.24
ORD1287,2023-10-15,259,Corporate,Europe,Germany,Furniture,Monitor,7,1529.88,0.1,9638.24,1933.6
ORD1288,2023-10-16,108,Consumer,US,USA,Technology,Pen Set,6,1173.97,0.1,6339.44,1127.85
ORD1289,2023-10-17,198,Home Office,Europe,Germany,Office Supplies,Router,4,2721.59,0.05,10342.04,674.84
ORD1290,2023-10-18,246,Corporate,US,Singapore,Office Supplies,Monitor,2,67.86,0.05,128.93,15.72
ORD1291,2023-10-19,147,Home Office,US,UK,Furniture,Laptop,9,2350.87,0.15,17984.16,1318.56
ORD1292,2023-10-20,230,Corporate,US,Germany,Technology,Printer,1,390.66,0.05,371.13,107.98
ORD1293,2023-10-21,247,Home Office,Middle East,UAE,Technology,Pen Set,4,2396.69,0.05,9107.42,762.93
ORD1294,2023-10-22,251,Consumer,Middle East,Malaysia,Technology,Desk,1,1855.42,0.1,1669.88,146.86
ORD1295,2023-10-23,153,Consumer,Asia,UAE,Furniture,Laptop,6,2532.97,0.15,12918.15,3518.83
ORD1296,2023-10-24,219,Consumer,Asia,UAE,Technology,Printer,4,310.59,0.05,1180.24,337.53
ORD1297,2023-10-25,260,Corporate,Europe,Malaysia,Furniture,Desk,5,1685.76,0.05,8007.36,1933.44
ORD1298,2023-10-26,251,Consumer,Middle East,UAE,Furniture,Chair,5,1513.24,0.15,6431.27,330.25
ORD1299,2023-10-27,215,Corporate,Europe,Germany,Furniture,Desk,9,2124.46,0.2,15296.11,769.95
ORD1300,2023-10-28,174,Consumer,Asia,Germany,Office Supplies,Monitor,1,1612.19,0.15,1370.36,198.05
ORD1301,2023-10-29,212,Consumer,Europe,Germany,Technology,Monitor,2,1631.39,0.1,2936.5,252.1
ORD1302,2023-10-30,299,Corporate,Asia,Malaysia,Technology,Chair,6,1300.2,0.2,6240.96,340.73
ORD1303,2023-10-31,263,Corporate,Middle East,UAE,Furniture,Laptop,5,940.33,0.0,4701.65,780.55
ORD1304,2023-11-01,265,Consumer,US,Malaysia,Furniture,Printer,7,1457.15,0.15,8670.04,2477.6
ORD1305,2023-11-02,203,Corporate,Middle East,Germany,Technology,Desk,3,373.11,0.1,1007.4,131.92
ORD1306,2023-11-03,183,Consumer,Europe,UAE,Furniture,Monitor,3,2885.31,0.2,6924.74,1490.79
ORD1307,2023-11-04,211,Corporate,Europe,UAE,Technology,Laptop,2,2148.94,0.15,3653.2,778.35
ORD1308,2023-11-05,198,Home Office,Middle East,USA,Office Supplies,Chair,3,2858.35,0.05,8146.3,918.66
ORD1309,2023-11-06,252,Home Office,Middle East,USA,Furniture,Router,1,695.65,0.15,591.3,125.71
ORD1310,2023-11-07,192,Home Office,Asia,Singapore,Technology,Pen Set,5,2640.44,0.0,13202.2,1360.93
ORD1311,2023-11-08,245,Home Office,Europe,UK,Furniture,Router,5,2430.19,0.15,10328.31,831.45
ORD1312,2023-11-09,227,Home Office,Europe,USA,Technology,Router,7,2037.91,0.2,11412.3,2571.71
ORD1313,2023-11-10,209,Consumer,Middle East,Malaysia,Technology,Monitor,4,1882.59,0.2,6024.29,472.06
ORD1314,2023-11-11,181,Home Office,US,USA,Furniture,Chair,3,963.32,0.15,2456.47,735.04
ORD1315,2023-11-12,293,Home Office,Europe,Singapore,Office Supplies,Desk,1,2452.9,0.2,1962.32,188.11
ORD1316,2023-11-13,153,Home Office,US,UAE,Technology,Router,8,1514.52,0.05,11510.35,2285.21
ORD1317,2023-11-14,262,Home Office,Middle East,Singapore,Technology,Router,3,231.26,0.15,589.71,90.13
ORD1318,2023-11-15,288,Corporate,Middle East,UAE,Technology,Printer,2,952.33,0.05,1809.43,147.64
ORD1319,2023-11-16,268,Consumer,Asia,UAE,Office Supplies,Monitor,4,2807.19,0.05,10667.32,607.62
ORD1320,2023-11-17,260,Home Office,Europe,UK,Office Supplies,Monitor,3,2555.03,0.1,6898.58,1418.92
ORD1321,2023-11-18,167,Home Office,US,USA,Furniture,Desk,1,2946.08,0.15,2504.17,630.27
ORD1322,2023-11-19,132,Home Office,Asia,Malaysia,Office Supplies,Pen Set,3,1891.42,0.2,4539.41,1182.53
ORD1323,2023-11-20,241,Consumer,Europe,Malaysia,Furniture,Laptop,2,757.58,0.05,1439.4,245.67
ORD1324,2023-11-21,120,Corporate,Asia,Germany,Furniture,Printer,8,505.19,0.1,3637.37,888.84
ORD1325,2023-11-22,147,Consumer,Middle East,UAE,Office Supplies,Monitor,6,577.01,0.15,2942.75,642.14
ORD1326,2023-11-23,247,Corporate,Europe,Malaysia,Furniture,Printer,9,78.99,0.15,604.27,139.62
ORD1327,2023-11-24,227,Home Office,Asia,UK,Office Supplies,Monitor,8,1184.23,0.0,9473.84,1640.39
ORD1328,2023-11-25,235,Home Office,Asia,UAE,Furniture,Printer,3,590.45,0.0,1771.35,369.07
ORD1329,2023-11-26,234,Consumer,US,UK,Office Supplies,Chair,5,1246.73,0.05,5921.97,1488.67
ORD1330,2023-11-27,294,Consumer,Asia,Malaysia,Office Supplies,Router,7,2806.28,0.0,19643.96,2936.2
ORD1331,2023-11-28,244,Corporate,Europe,Malaysia,Furniture,Monitor,5,1303.01,0.05,6189.3,1556.58
ORD1332,2023-11-29,227,Corporate,Europe,Germany,Technology,Printer,8,2636.39,0.2,16872.9,3340.91
ORD1333,2023-11-30,132,Consumer,US,Malaysia,Furniture,Laptop,5,1824.4,0.05,8665.9,792.72
ORD1334,2023-12-01,275,Corporate,Europe,UAE,Office Supplies,Chair,1,756.45,0.0,756.45,42.49
ORD1335,2023-12-02,286,Consumer,Middle East,UAE,Technology,Chair,5,1080.45,0.2,4321.8,608.03
ORD1336,2023-12-03,214,Corporate,Europe,UAE,Furniture,Laptop,4,270.08,0.0,1080.32,201.67
ORD1337,2023-12-04,218,Consumer,Europe,Germany,Furniture,Printer,6,1013.72,0.05,5778.2,1502.07
ORD1338,2023-12-05,121,Consumer,Asia,Germany,Furniture,Desk,3,2039.07,0.1,5505.49,450.74
ORD1339,2023-12-06,257,Consumer,Asia,Malaysia,Technology,Laptop,5,234.89,0.15,998.28,249.62
ORD1340,2023-12-07,137,Corporate,Europe,Singapore,Office Supplies,Printer,2,632.1,0.0,1264.2,335.96
ORD1341,2023-12-08,208,Corporate,US,Singapore,Furniture,Laptop,6,1156.69,0.05,6593.13,578.03
ORD1342,2023-12-09,150,Corporate,Asia,Germany,Furniture,Laptop,6,2946.51,0.2,14143.25,3718.24
ORD1343,2023-12-10,281,Consumer,US,Malaysia,Furniture,Monitor,5,2358.89,0.0,11794.45,3513.13
ORD1344,2023-12-11,107,Corporate,Europe,Singapore,Furniture,Printer,6,2205.79,0.0,13234.74,3066.62
ORD1345,2023-12-12,126,Corporate,Europe,Malaysia,Furniture,Desk,7,366.25,0.15,2179.19,536.5
ORD1346,2023-12-13,126,Consumer,Middle East,Malaysia,Office Supplies,Router,5,2347.37,0.05,11150.01,3329.44
ORD1347,2023-12-14,120,Home Office,Asia,Malaysia,Office Supplies,Monitor,1,2360.1,0.1,2124.09,427.73
ORD1348,2023-12-15,129,Consumer,Europe,USA,Furniture,Laptop,8,1811.29,0.2,11592.26,1471.89
ORD1349,2023-12-16,196,Corporate,Middle East,UAE,Technology,Router,4,2971.28,0.05,11290.86,2928.65
ORD1350,2023-12-17,127,Consumer,Asia,Malaysia,Office Supplies,Pen Set,9,989.26,0.2,7122.67,1450.33
ORD1351,2023-12-18,210,Home Office,Europe,USA,Technology,Router,6,2824.99,0.0,16949.94,3310.3
ORD1352,2023-12-19,291,Consumer,Europe,Germany,Office Supplies,Laptop,1,2745.9,0.15,2334.02,264.7
ORD1353,2023-12-20,296,Corporate,Asia,Singapore,Furniture,Laptop,3,54.21,0.15,138.24,33.05
ORD1354,2023-12-21,160,Home Office,Asia,UAE,Office Supplies,Printer,3,1361.35,0.1,3675.64,258.83
ORD1355,2023-12-22,147,Corporate,Asia,Singapore,Furniture,Printer,4,2931.77,0.15,9968.02,2801.73
ORD1356,2023-12-23,246,Home Office,Europe,UAE,Office Supplies,Monitor,6,327.3,0.0,1963.8,258.15
ORD1357,2023-12-24,103,Home Office,Europe,Singapore,Furniture,Desk,7,1652.4,0.1,10410.12,853.04
ORD1358,2023-12-25,134,Consumer,Middle East,UAE,Furniture,Monitor,4,2937.29,0.05,11161.7,1792.48
ORD1359,2023-12-26,291,Consumer,US,Singapore,Furniture,Chair,6,1675.38,0.15,8544.44,517.94
ORD1360,2023-12-27,148,Corporate,Asia,Singapore,Furniture,Laptop,1,585.65,0.1,527.08,116.57
ORD1361,2023-12-28,116,Consumer,Europe,Singapore,Technology,Router,8,1754.91,0.0,14039.28,3870.3
ORD1362,2023-12-29,271,Consumer,Europe,Singapore,Furniture,Pen Set,7,629.23,0.2,3523.69,913.75
ORD1363,2023-12-30,257,Home Office,Asia,Germany,Technology,Laptop,9,1568.72,0.2,11294.78,924.39
ORD1364,2023-12-31,145,Consumer,US,Malaysia,Technology,Laptop,3,240.65,0.0,721.95,58.89
ORD1365,2024-01-01,216,Home Office,Asia,UK,Furniture,Monitor,2,1824.34,0.0,3648.68,924.42
ORD1366,2024-01-02,105,Home Office,US,USA,Technology,Pen Set,1,1560.03,0.2,1248.02,350.77
ORD1367,2024-01-03,198,Home Office,Europe,UK,Office Supplies,Pen Set,3,2225.68,0.1,6009.34,992.55
ORD1368,2024-01-04,223,Corporate,US,UK,Furniture,Pen Set,5,1899.49,0.2,7597.96,1327.69
ORD1369,2024-01-05,136,Corporate,Middle East,UAE,Technology,Monitor,2,1657.83,0.0,3315.66,429.6
ORD1370,2024-01-06,123,Corporate,Europe,Malaysia,Furniture,Laptop,3,2075.54,0.15,5292.63,1447.89
ORD1371,2024-01-07,192,Home Office,Middle East,UAE,Furniture,Monitor,4,448.95,0.05,1706.01,360.35
ORD1372,2024-01-08,145,Corporate,Asia,Malaysia,Furniture,Printer,7,1794.17,0.15,10675.31,1303.06
ORD1373,2024-01-09,280,Corporate,Asia,Malaysia,Technology,Printer,3,532.89,0.15,1358.87,169.45
ORD1374,2024-01-10,194,Consumer,Asia,Singapore,Office Supplies,Monitor,9,2778.06,0.0,25002.54,6820.69
ORD1375,2024-01-11,198,Corporate,US,Germany,Office Supplies,Pen Set,8,223.64,0.2,1431.3,76.44
ORD1376,2024-01-12,287,Corporate,Europe,Singapore,Technology,Laptop,4,1302.52,0.1,4689.07,612.78
ORD1377,2024-01-13,215,Home Office,Asia,Germany,Furniture,Monitor,1,2093.48,0.15,1779.46,335.59
ORD1378,2024-01-14,290,Home Office,Asia,UAE,Technology,Monitor,1,1384.91,0.2,1107.93,96.45
ORD1379,2024-01-15,259,Home Office,Europe,Germany,Technology,Monitor,1,294.44,0.1,265.0,19.35
ORD1380,2024-01-16,260,Home Office,Asia,UAE,Technology,Chair,1,1669.07,0.15,1418.71,360.1
ORD1381,2024-01-17,166,Home Office,Middle East,UK,Furniture,Printer,8,1932.06,0.1,13910.83,3806.02
ORD1382,2024-01-18,227,Home Office,Europe,UK,Technology,Router,3,2117.3,0.2,5081.52,1300.37
ORD1383,2024-01-19,117,Corporate,Europe,Germany,Furniture,Pen Set,6,1132.31,0.05,6454.17,1772.94
ORD1384,2024-01-20,124,Home Office,Europe,Germany,Technology,Desk,3,1699.71,0.2,4079.3,768.04
ORD1385,2024-01-21,153,Home Office,Middle East,UAE,Office Supplies,Router,5,1363.05,0.0,6815.25,1724.7
ORD1386,2024-01-22,157,Consumer,Europe,Singapore,Technology,Pen Set,7,2022.73,0.1,12743.2,1860.64
ORD1387,2024-01-23,166,Corporate,Middle East,UAE,Technology,Desk,2,1759.0,0.05,3342.1,723.79
ORD1388,2024-01-24,203,Corporate,Europe,Singapore,Office Supplies,Chair,6,1586.75,0.1,8568.45,2546.62
ORD1389,2024-01-25,273,Corporate,US,UK,Furniture,Monitor,6,763.58,0.1,4123.33,438.85
ORD1390,2024-01-26,123,Home Office,Asia,Malaysia,Furniture,Chair,3,26.02,0.15,66.35,9.78
ORD1391,2024-01-27,213,Home Office,US,Germany,Technology,Chair,6,538.76,0.0,3232.56,549.57
ORD1392,2024-01-28,131,Home Office,Asia,Singapore,Office Supplies,Router,5,368.86,0.1,1659.87,140.27
ORD1393,2024-01-29,274,Consumer,Middle East,UAE,Furniture,Laptop,2,1358.27,0.2,2173.23,152.69
ORD1394,2024-01-30,185,Home Office,US,UK,Technology,Router,9,1844.53,0.2,13280.62,3418.84
ORD1395,2024-01-31,250,Consumer,Europe,Singapore,Office Supplies,Printer,8,654.99,0.15,4453.93,1310.34
ORD1396,2024-02-01,293,Corporate,Asia,UAE,Furniture,Desk,3,2818.39,0.0,8455.17,1278.26
ORD1397,2024-02-02,226,Home Office,Asia,Germany,Furniture,Monitor,8,39.91,0.0,319.28,22.96
ORD1398,2024-02-03,254,Consumer,US,Germany,Office Supplies,Router,9,2321.46,0.2,16714.51,1110.73
ORD1399,2024-02-04,229,Consumer,Middle East,USA,Office Supplies,Desk,3,1883.11,0.05,5366.86,1464.24
ORD1400,2024-02-05,116,Home Office,US,Malaysia,Office Supplies,Pen Set,3,1133.19,0.15,2889.63,479.54
ORD1401,2024-02-06,203,Corporate,Middle East,USA,Office Supplies,Desk,2,170.46,0.15,289.78,37.67
ORD1402,2024-02-07,260,Corporate,Middle East,UK,Technology,Pen Set,8,1889.91,0.2,12095.42,2045.52
ORD1403,2024-02-08,236,Corporate,Asia,Singapore,Office Supplies,Router,1,1169.13,0.2,935.3,121.19
ORD1404,2024-02-09,142,Consumer,US,UK,Furniture,Printer,8,2810.08,0.05,21356.61,3678.87
ORD1405,2024-02-10,275,Consumer,US,UAE,Furniture,Router,7,1635.13,0.05,10873.61,2880.3
ORD1406,2024-02-11,138,Consumer,Middle East,Germany,Technology,Pen Set,7,2820.16,0.0,19741.12,3910.23
ORD1407,2024-02-12,269,Consumer,US,USA,Furniture,Desk,3,677.04,0.15,1726.45,386.14
ORD1408,2024-02-13,125,Corporate,Europe,USA,Furniture,Desk,1,2182.66,0.15,1855.26,261.9
ORD1409,2024-02-14,198,Home Office,Europe,USA,Office Supplies,Pen Set,4,1859.4,0.2,5950.08,1396.05
ORD1410,2024-02-15,149,Consumer,US,UK,Furniture,Chair,9,2223.44,0.0,20010.96,4335.46
ORD1411,2024-02-16,252,Consumer,US,Germany,Technology,Printer,5,659.71,0.15,2803.77,223.99
ORD1412,2024-02-17,251,Corporate,Middle East,Singapore,Office Supplies,Laptop,1,2001.68,0.0,2001.68,386.65
ORD1413,2024-02-18,112,Home Office,Europe,UAE,Office Supplies,Monitor,5,1504.16,0.0,7520.8,858.77
ORD1414,2024-02-19,159,Home Office,Europe,Singapore,Technology,Desk,8,2233.62,0.2,14295.17,3588.43
ORD1415,2024-02-20,234,Corporate,Asia,UK,Office Supplies,Monitor,8,994.59,0.0,7956.72,1245.1
ORD1416,2024-02-21,156,Corporate,Middle East,UAE,Office Supplies,Laptop,5,2672.37,0.05,12693.76,3791.26
ORD1417,2024-02-22,135,Home Office,Asia,USA,Technology,Router,9,271.22,0.05,2318.93,169.57
ORD1418,2024-02-23,272,Consumer,Europe,Malaysia,Office Supplies,Monitor,1,2425.42,0.1,2182.88,535.0
ORD1419,2024-02-24,119,Home Office,Middle East,UK,Technology,Laptop,4,2586.73,0.2,8277.54,1808.03
ORD1420,2024-02-25,164,Corporate,US,UK,Technology,Pen Set,3,2455.41,0.1,6629.61,1603.53
ORD1421,2024-02-26,107,Consumer,Middle East,Germany,Furniture,Chair,2,1547.92,0.05,2941.05,373.17
ORD1422,2024-02-27,243,Consumer,US,Singapore,Furniture,Desk,8,1326.39,0.1,9550.01,1652.28
ORD1423,2024-02-28,241,Corporate,US,UK,Office Supplies,Laptop,7,2988.86,0.2,16737.62,4169.8
ORD1424,2024-02-29,214,Corporate,Middle East,UK,Office Supplies,Monitor,9,702.93,0.2,5061.1,547.28
ORD1425,2024-03-01,242,Corporate,US,USA,Technology,Desk,2,1649.69,0.0,3299.38,351.41
ORD1426,2024-03-02,191,Home Office,Asia,USA,Office Supplies,Chair,4,2018.61,0.15,6863.27,1288.67
ORD1427,2024-03-03,197,Home Office,Europe,UAE,Technology,Pen Set,6,2108.59,0.0,12651.54,2288.55
ORD1428,2024-03-04,165,Consumer,US,Malaysia,Technology,Router,3,627.99,0.2,1507.18,181.71
ORD1429,2024-03-05,131,Corporate,Asia,Germany,Office Supplies,Desk,8,1968.9,0.05,14963.64,1863.26
ORD1430,2024-03-06,290,Consumer,US,Malaysia,Technology,Router,3,2458.74,0.05,7007.41,837.11
ORD1431,2024-03-07,185,Consumer,Europe,UAE,Furniture,Laptop,2,169.06,0.0,338.12,82.12
ORD1432,2024-03-08,150,Consumer,Asia,USA,Office Supplies,Chair,3,2736.33,0.2,6567.19,1398.65
ORD1433,2024-03-09,252,Consumer,Europe,Singapore,Furniture,Monitor,6,107.92,0.05,615.14,158.77
ORD1434,2024-03-10,285,Corporate,Europe,USA,Office Supplies,Chair,2,1080.79,0.2,1729.26,508.17
ORD1435,2024-03-11,162,Consumer,Asia,Germany,Technology,Chair,8,67.12,0.05,510.11,85.97
ORD1436,2024-03-12,289,Corporate,Asia,USA,Office Supplies,Printer,1,249.89,0.2,199.91,13.33
ORD1437,2024-03-13,224,Corporate,Asia,Germany,Furniture,Chair,7,2735.28,0.1,17232.26,1068.8
ORD1438,2024-03-14,249,Home Office,Middle East,Germany,Technology,Chair,2,1077.49,0.2,1723.98,213.63
ORD1439,2024-03-15,157,Corporate,Asia,Germany,Office Supplies,Desk,6,1285.82,0.2,6171.94,1747.5
ORD1440,2024-03-16,157,Home Office,Asia,UAE,Office Supplies,Monitor,2,661.73,0.0,1323.46,239.29
ORD1441,2024-03-17,185,Corporate,Asia,Germany,Office Supplies,Desk,2,1799.35,0.1,3238.83,382.01
ORD1442,2024-03-18,148,Corporate,Asia,Germany,Furniture,Desk,8,1792.51,0.15,12189.07,1825.82
ORD1443,2024-03-19,279,Corporate,US,Singapore,Furniture,Laptop,2,1129.16,0.0,2258.32,450.87
ORD1444,2024-03-20,269,Home Office,Middle East,Malaysia,Office Supplies,Desk,7,1012.44,0.15,6024.02,1284.55
ORD1445,2024-03-21,169,Home Office,Europe,UK,Technology,Printer,3,2657.19,0.05,7572.99,670.06
ORD1446,2024-03-22,114,Consumer,Asia,Malaysia,Technology,Printer,8,1162.19,0.15,7902.89,2325.49
ORD1447,2024-03-23,153,Home Office,US,Germany,Furniture,Router,7,1490.63,0.2,8347.53,1554.25
ORD1448,2024-03-24,287,Home Office,US,Singapore,Technology,Laptop,8,864.25,0.15,5876.9,493.2
ORD1449,2024-03-25,200,Home Office,US,USA,Furniture,Router,7,2364.57,0.0,16551.99,4525.46
ORD1450,2024-03-26,107,Home Office,Europe,Singapore,Office Supplies,Router,6,1204.4,0.0,7226.4,496.16
ORD1451,2024-03-27,152,Consumer,Asia,Germany,Furniture,Pen Set,7,1550.56,0.15,9225.83,2554.94
ORD1452,2024-03-28,159,Home Office,Middle East,Singapore,Furniture,Monitor,5,775.0,0.0,3875.0,1159.17
ORD1453,2024-03-29,207,Corporate,Middle East,Singapore,Office Supplies,Monitor,7,2963.23,0.0,20742.61,4669.33
ORD1454,2024-03-30,104,Corporate,US,Germany,Technology,Desk,1,888.66,0.15,755.36,183.26
ORD1455,2024-03-31,202,Home Office,Europe,UAE,Furniture,Desk,1,2316.81,0.1,2085.13,280.09
ORD1456,2024-04-01,295,Home Office,Europe,Singapore,Furniture,Pen Set,9,1293.94,0.1,10480.91,2991.19
ORD1457,2024-04-02,105,Corporate,Europe,UK,Office Supplies,Desk,5,634.53,0.05,3014.02,549.84
ORD1458,2024-04-03,208,Corporate,Middle East,UK,Technology,Monitor,5,2403.16,0.0,12015.8,2800.85
ORD1459,2024-04-04,215,Consumer,US,Singapore,Furniture,Router,3,1014.15,0.15,2586.08,726.76
ORD1460,2024-04-05,193,Corporate,Asia,UAE,Office Supplies,Chair,5,2598.28,0.0,12991.4,3816.81
ORD1461,2024-04-06,146,Corporate,Middle East,USA,Furniture,Printer,3,2747.47,0.2,6593.93,1703.22
ORD1462,2024-04-07,198,Home Office,US,Germany,Office Supplies,Chair,9,2582.28,0.0,23240.52,2922.6
ORD1463,2024-04-08,154,Corporate,US,UK,Technology,Chair,9,124.32,0.0,1118.88,326.31
ORD1464,2024-04-09,267,Consumer,Asia,USA,Technology,Monitor,6,2366.37,0.1,12778.4,2645.51
ORD1465,2024-04-10,151,Corporate,Asia,Singapore,Technology,Chair,1,1245.79,0.15,1058.92,299.31
ORD1466,2024-04-11,243,Home Office,Asia,USA,Technology,Pen Set,7,2623.69,0.0,18365.83,4022.6
ORD1467,2024-04-12,112,Home Office,Europe,Malaysia,Furniture,Laptop,7,1921.1,0.1,12102.93,1534.77
ORD1468,2024-04-13,213,Corporate,Asia,UK,Furniture,Desk,4,2504.26,0.05,9516.19,1356.12
ORD1469,2024-04-14,223,Home Office,US,Singapore,Technology,Laptop,8,1508.31,0.1,10859.83,2037.5
ORD1470,2024-04-15,205,Consumer,Asia,Germany,Technology,Router,6,1614.38,0.1,8717.65,2157.65
ORD1471,2024-04-16,257,Consumer,US,UAE,Technology,Printer,4,450.28,0.1,1621.01,209.91
ORD1472,2024-04-17,246,Corporate,Middle East,Singapore,Furniture,Desk,4,2356.28,0.0,9425.12,1837.26
ORD1473,2024-04-18,244,Corporate,Europe,Germany,Technology,Chair,2,1269.78,0.0,2539.56,346.41
ORD1474,2024-04-19,219,Corporate,Middle East,UAE,Technology,Printer,2,1510.24,0.05,2869.46,728.68
ORD1475,2024-04-20,162,Home Office,Middle East,UAE,Technology,Desk,4,2359.59,0.2,7550.69,1258.56
ORD1476,2024-04-21,118,Consumer,US,Singapore,Office Supplies,Pen Set,5,1804.56,0.2,7218.24,499.36
ORD1477,2024-04-22,191,Consumer,Middle East,USA,Technology,Pen Set,8,619.27,0.2,3963.33,362.7
ORD1478,2024-04-23,157,Home Office,US,USA,Office Supplies,Pen Set,6,1778.89,0.05,10139.67,661.88
ORD1479,2024-04-24,282,Consumer,Asia,UAE,Office Supplies,Pen Set,4,1234.75,0.2,3951.2,690.77
ORD1480,2024-04-25,189,Corporate,Asia,USA,Technology,Chair,7,1419.19,0.2,7947.46,608.65
ORD1481,2024-04-26,216,Corporate,US,Malaysia,Office Supplies,Laptop,8,104.37,0.1,751.46,59.02
ORD1482,2024-04-27,161,Corporate,Asia,UAE,Technology,Desk,2,645.89,0.0,1291.78,368.5
ORD1483,2024-04-28,122,Consumer,Europe,UAE,Furniture,Chair,7,857.49,0.0,6002.43,1609.63
ORD1484,2024-04-29,226,Corporate,Middle East,Germany,Furniture,Pen Set,2,2144.62,0.1,3860.32,629.32
ORD1485,2024-04-30,236,Home Office,Europe,USA,Furniture,Router,2,54.25,0.1,97.65,28.95
ORD1486,2024-05-01,239,Home Office,Middle East,UAE,Furniture,Laptop,8,1238.16,0.1,8914.75,446.15
ORD1487,2024-05-02,228,Consumer,Asia,Malaysia,Office Supplies,Router,2,2773.6,0.0,5547.2,1128.83
ORD1488,2024-05-03,157,Home Office,Europe,Germany,Technology,Printer,9,353.4,0.2,2544.48,519.35
ORD1489,2024-05-04,221,Home Office,Asia,Singapore,Technology,Router,1,1558.94,0.1,1403.05,230.61
ORD1490,2024-05-05,100,Consumer,Middle East,UAE,Technology,Printer,9,2363.84,0.05,20210.83,3016.2
ORD1491,2024-05-06,133,Corporate,US,Malaysia,Furniture,Printer,1,2828.74,0.1,2545.87,417.13
ORD1492,2024-05-07,195,Corporate,US,UK,Furniture,Pen Set,2,2245.39,0.15,3817.16,586.85
ORD1493,2024-05-08,225,Corporate,Europe,Malaysia,Technology,Printer,6,2167.29,0.1,11703.37,2722.47
ORD1494,2024-05-09,217,Consumer,Asia,Malaysia,Furniture,Monitor,6,2482.93,0.0,14897.58,1249.0
ORD1495,2024-05-10,147,Home Office,Asia,Germany,Technology,Desk,1,1349.68,0.1,1214.71,120.75
ORD1496,2024-05-11,188,Corporate,Europe,Singapore,Technology,Desk,7,2421.42,0.15,14407.45,1370.57
ORD1497,2024-05-12,216,Corporate,US,UK,Technology,Pen Set,8,43.73,0.05,332.35,38.43
ORD1498,2024-05-13,228,Consumer,Middle East,USA,Technology,Monitor,2,2775.19,0.2,4440.3,805.09
ORD1499,2024-05-14,115,Corporate,Europe,USA,Technology,Router,8,1341.05,0.1,9655.56,751.22
ORD1500,2024-05-15,288,Consumer,Middle East,Malaysia,Technology,Chair,9,1669.07,0.15,12768.39,3409.7
ORD1501,2024-05-16,291,Home Office,US,Germany,Technology,Router,6,779.55,0.15,3975.7,494.34
ORD1502,2024-05-17,290,Consumer,Asia,Germany,Furniture,Chair,5,2232.74,0.05,10605.51,961.23
ORD1503,2024-05-18,168,Consumer,US,USA,Technology,Printer,9,248.37,0.0,2235.33,489.33
ORD1504,2024-05-19,121,Consumer,Europe,UK,Technology,Laptop,9,2620.45,0.1,21225.64,1263.38
ORD1505,2024-05-20,192,Consumer,Asia,Singapore,Furniture,Chair,1,2487.79,0.15,2114.62,433.48
ORD1506,2024-05-21,294,Home Office,Europe,UK,Furniture,Laptop,3,663.86,0.05,1892.0,424.85
ORD1507,2024-05-22,175,Home Office,Europe,UAE,Furniture,Desk,9,2431.79,0.2,17508.89,1816.18
ORD1508,2024-05-23,253,Corporate,US,UAE,Technology,Laptop,2,2363.35,0.15,4017.7,243.03
ORD1509,2024-05-24,243,Home Office,Europe,Singapore,Office Supplies,Desk,4,1904.01,0.05,7235.24,1019.53
ORD1510,2024-05-25,278,Home Office,US,USA,Office Supplies,Monitor,4,1133.09,0.0,4532.36,338.33
ORD1511,2024-05-26,185,Corporate,Asia,Singapore,Furniture,Monitor,2,829.07,0.0,1658.14,131.19
ORD1512,2024-05-27,284,Home Office,US,Germany,Office Supplies,Pen Set,3,710.72,0.15,1812.34,205.82
ORD1513,2024-05-28,128,Consumer,Asia,UAE,Furniture,Pen Set,3,969.45,0.15,2472.1,306.21
ORD1514,2024-05-29,168,Consumer,US,Malaysia,Technology,Printer,1,2712.6,0.1,2441.34,445.53
ORD1515,2024-05-30,146,Corporate,Middle East,Malaysia,Office Supplies,Chair,6,251.37,0.05,1432.81,314.64
ORD1516,2024-05-31,193,Corporate,Middle East,USA,Technology,Printer,8,2490.04,0.15,16932.27,3355.85
ORD1517,2024-06-01,289,Corporate,Europe,Germany,Office Supplies,Desk,3,1059.69,0.1,2861.16,249.18
ORD1518,2024-06-02,296,Consumer,US,UK,Technology,Printer,5,1574.37,0.1,7084.66,659.03
ORD1519,2024-06-03,243,Home Office,US,Germany,Office Supplies,Laptop,1,2387.57,0.15,2029.43,547.32
ORD1520,2024-06-04,275,Consumer,Asia,Malaysia,Technology,Desk,7,2655.44,0.0,18588.08,3524.08
ORD1521,2024-06-05,184,Corporate,Europe,Malaysia,Technology,Pen Set,1,1047.45,0.05,995.08,266.17
ORD1522,2024-06-06,138,Home Office,US,UAE,Office Supplies,Monitor,9,1396.29,0.05,11938.28,1705.82
ORD1523,2024-06-07,199,Home Office,Europe,Germany,Technology,Pen Set,8,1255.26,0.0,10042.08,2044.57
ORD1524,2024-06-08,132,Consumer,Middle East,Germany,Technology,Chair,7,59.49,0.15,353.97,64.04
ORD1525,2024-06-09,200,Corporate,US,Malaysia,Technology,Desk,7,901.91,0.05,5997.7,778.39
ORD1526,2024-06-10,122,Consumer,US,UK,Office Supplies,Desk,5,1388.38,0.15,5900.62,988.23
ORD1527,2024-06-11,109,Home Office,Europe,USA,Office Supplies,Laptop,5,1245.06,0.15,5291.5,929.31
ORD1528,2024-06-12,168,Consumer,US,USA,Technology,Chair,5,2171.35,0.1,9771.08,978.99
ORD1529,2024-06-13,199,Consumer,Europe,Germany,Technology,Monitor,1,1166.71,0.0,1166.71,150.22
ORD1530,2024-06-14,133,Corporate,US,USA,Office Supplies,Router,8,1478.34,0.15,10052.71,2491.59
ORD1531,2024-06-15,279,Corporate,Asia,Malaysia,Office Supplies,Desk,1,1300.23,0.2,1040.18,290.16
ORD1532,2024-06-16,237,Home Office,Europe,Malaysia,Technology,Desk,4,2227.07,0.0,8908.28,1246.7
ORD1533,2024-06-17,246,Consumer,US,Germany,Technology,Laptop,9,2591.66,0.05,22158.69,2808.46
ORD1534,2024-06-18,285,Consumer,Middle East,Germany,Technology,Printer,9,1605.03,0.1,13000.74,1284.46
ORD1535,2024-06-19,195,Consumer,US,UAE,Furniture,Monitor,5,2372.51,0.05,11269.42,2475.02
ORD1536,2024-06-20,100,Home Office,Middle East,Germany,Office Supplies,Pen Set,4,904.42,0.05,3436.8,449.45
ORD1537,2024-06-21,168,Home Office,Middle East,UK,Furniture,Chair,3,1633.28,0.0,4899.84,1454.95
ORD1538,2024-06-22,103,Corporate,Asia,USA,Office Supplies,Desk,3,1048.79,0.05,2989.05,392.82
ORD1539,2024-06-23,115,Corporate,Europe,Germany,Office Supplies,Desk,5,1254.32,0.15,5330.86,791.81
ORD1540,2024-06-24,123,Corporate,US,Singapore,Office Supplies,Pen Set,1,2202.59,0.05,2092.46,420.24
ORD1541,2024-06-25,179,Consumer,Asia,UAE,Office Supplies,Monitor,5,2647.35,0.1,11913.08,2983.29
ORD1542,2024-06-26,101,Consumer,US,Singapore,Office Supplies,Printer,6,382.06,0.1,2063.12,345.32
ORD1543,2024-06-27,227,Corporate,Middle East,Malaysia,Office Supplies,Desk,7,1911.22,0.2,10702.83,1666.05
ORD1544,2024-06-28,259,Consumer,Europe,USA,Office Supplies,Monitor,9,1754.79,0.1,14213.8,4248.64
ORD1545,2024-06-29,183,Corporate,US,Germany,Furniture,Pen Set,3,372.88,0.05,1062.71,55.92
ORD1546,2024-06-30,251,Home Office,US,Singapore,Technology,Laptop,2,651.45,0.1,1172.61,321.02
ORD1547,2024-07-01,239,Corporate,Middle East,USA,Technology,Printer,3,946.79,0.0,2840.37,247.92
ORD1548,2024-07-02,277,Home Office,US,Malaysia,Furniture,Chair,9,517.45,0.1,4191.34,1033.09
ORD1549,2024-07-03,262,Consumer,US,UK,Furniture,Desk,7,746.31,0.15,4440.54,908.01
ORD1550,2024-07-04,223,Corporate,Middle East,UAE,Furniture,Monitor,9,817.45,0.0,7357.05,996.6
ORD1551,2024-07-05,132,Consumer,Asia,USA,Furniture,Laptop,2,1020.31,0.2,1632.5,438.28
ORD1552,2024-07-06,260,Home Office,Middle East,USA,Office Supplies,Chair,5,2253.18,0.15,9576.02,509.7
ORD1553,2024-07-07,288,Home Office,Asia,UK,Technology,Router,4,1724.3,0.05,6552.34,698.96
ORD1554,2024-07-08,278,Home Office,Europe,USA,Office Supplies,Monitor,2,2959.02,0.05,5622.14,1077.89
ORD1555,2024-07-09,270,Consumer,Asia,Malaysia,Technology,Monitor,9,1255.91,0.05,10738.03,1480.62
ORD1556,2024-07-10,200,Consumer,Asia,Malaysia,Technology,Chair,9,2266.52,0.15,17338.88,3512.76
ORD1557,2024-07-11,111,Consumer,Europe,UK,Furniture,Laptop,6,2616.98,0.15,13346.6,747.78
ORD1558,2024-07-12,166,Consumer,Asia,UAE,Office Supplies,Router,6,2043.36,0.15,10421.14,824.47
ORD1559,2024-07-13,164,Home Office,Middle East,Germany,Furniture,Pen Set,8,1247.36,0.0,9978.88,816.01
ORD1560,2024-07-14,260,Home Office,Asia,Singapore,Office Supplies,Laptop,6,2265.71,0.0,13594.26,1323.01
ORD1561,2024-07-15,267,Corporate,Europe,Germany,Technology,Printer,1,626.93,0.05,595.58,98.17
ORD1562,2024-07-16,173,Corporate,Middle East,USA,Furniture,Desk,4,996.11,0.1,3586.0,853.58
ORD1563,2024-07-17,142,Consumer,Europe,Singapore,Furniture,Chair,7,1649.12,0.05,10966.65,3031.01
ORD1564,2024-07-18,143,Home Office,Europe,UK,Technology,Pen Set,2,1734.72,0.2,2775.55,718.43
ORD1565,2024-07-19,128,Home Office,US,UK,Technology,Router,9,85.98,0.0,773.82,76.78
ORD1566,2024-07-20,240,Home Office,US,UAE,Technology,Chair,8,2836.44,0.15,19287.79,3091.59
ORD1567,2024-07-21,111,Corporate,Europe,Singapore,Furniture,Chair,8,2095.95,0.0,16767.6,1674.29
ORD1568,2024-07-22,194,Corporate,Europe,Malaysia,Office Supplies,Laptop,7,1497.2,0.15,8908.34,1034.42
ORD1569,2024-07-23,145,Home Office,Europe,Singapore,Furniture,Desk,4,2800.72,0.2,8962.3,1576.35
ORD1570,2024-07-24,229,Home Office,US,USA,Office Supplies,Printer,2,1328.5,0.2,2125.6,142.47
ORD1571,2024-07-25,134,Home Office,US,Malaysia,Furniture,Monitor,3,2941.7,0.0,8825.1,922.61
ORD1572,2024-07-26,180,Corporate,Asia,UK,Furniture,Monitor,6,1546.61,0.15,7887.71,2238.88
ORD1573,2024-07-27,189,Home Office,Asia,Singapore,Technology,Chair,5,360.57,0.2,1442.28,240.18
ORD1574,2024-07-28,107,Home Office,Europe,Germany,Office Supplies,Desk,8,2299.11,0.05,17473.24,2819.25
ORD1575,2024-07-29,192,Consumer,Middle East,UAE,Furniture,Router,6,2043.12,0.05,11645.78,624.7
ORD1576,2024-07-30,253,Consumer,Middle East,Germany,Furniture,Router,6,2323.5,0.15,11849.85,1325.4
ORD1577,2024-07-31,189,Corporate,US,UAE,Technology,Pen Set,1,2855.3,0.0,2855.3,761.15
ORD1578,2024-08-01,261,Home Office,US,USA,Technology,Laptop,4,2333.94,0.2,7468.61,680.82
ORD1579,2024-08-02,214,Home Office,US,Germany,Office Supplies,Desk,5,1841.78,0.0,9208.9,1416.16
ORD1580,2024-08-03,204,Consumer,Europe,Singapore,Furniture,Desk,3,2574.78,0.05,7338.12,393.2
ORD1581,2024-08-04,234,Corporate,Middle East,Singapore,Office Supplies,Laptop,9,2026.27,0.2,14589.14,2474.08
ORD1582,2024-08-05,295,Consumer,Asia,Germany,Furniture,Router,1,1236.19,0.0,1236.19,68.31
ORD1583,2024-08-06,157,Consumer,Europe,Singapore,Office Supplies,Router,6,2659.15,0.1,14359.41,3660.25
ORD1584,2024-08-07,213,Consumer,Asia,USA,Technology,Router,6,681.26,0.15,3474.43,890.2
ORD1585,2024-08-08,174,Consumer,Asia,Malaysia,Furniture,Chair,5,2149.63,0.15,9135.93,2255.99
ORD1586,2024-08-09,256,Home Office,Europe,USA,Office Supplies,Desk,5,2647.06,0.1,11911.77,1439.43
ORD1587,2024-08-10,219,Home Office,Asia,UAE,Technology,Monitor,5,2199.32,0.05,10446.77,2708.94
ORD1588,2024-08-11,263,Consumer,Middle East,USA,Technology,Laptop,6,2097.88,0.2,10069.82,1870.46
ORD1589,2024-08-12,120,Corporate,Asia,UAE,Office Supplies,Router,8,2262.86,0.15,15387.45,2207.36
